drg_cd,drg_desc,unweighted_ratio,estimated_total_charges,estimated_total_medicare_payments,total_discharges,weighted_ratio,difference,unweighted_rank,weighted_rank,rank_change
652,KIDNEY TRANSPLANT,13.991270746630807,2080521861.00289,164250775.0001,6202,12.666739995605035,1.3245307510257724,1.0,1.0,0.0
627,"THYROID, PARATHYROID AND THYROGLOSSAL PROCEDURES WITHOUT CC/MCC",7.465949718830782,20895593.999113,2014433.0000056997,216,10.372940673159087,-2.9069909543283057,69.0,2.0,67.0
087,TRAUMATIC STUPOR AND COMA <1 HOUR WITHOUT CC/MCC,10.334007549216217,72430183.000065,7075366.0000122,1091,10.236952123740327,0.09705542547589019,3.0,3.0,0.0
651,KIDNEY TRANSPLANT WITH HEMODIALYSIS WITHOUT MCC,11.042152718276574,185556375.9996,18981129.000015,487,9.775834514345977,1.266318203930597,2.0,4.0,-2.0
440,DISORDERS OF PANCREAS EXCEPT MALIGNANCY WITHOUT CC/MCC,9.880385259856656,9842469.0,1018991.0000029,263,9.659034279961245,0.2213509798954103,5.0,5.0,0.0
068,PRECEREBRAL OCCLUSION WITHOUT INFARCTION WITHOUT MCC,9.571110132594717,33123015.999951,3512407.0000061,549,9.430289826860463,0.14082030573425364,6.0,6.0,0.0
446,DISORDERS OF THE BILIARY TRACT WITHOUT CC/MCC,9.310463064866177,24372149.000028998,2588517.0000019,495,9.41548732344084,-0.10502425857466235,11.0,7.0,4.0
069,TRANSIENT ISCHEMIA WITHOUT THROMBOLYTIC,9.113606038434577,1074413706.0005577,114620570.0000035,20244,9.37365523483721,-0.26004919640263324,16.0,8.0,8.0
103,HEADACHES WITHOUT MCC,9.256089000076448,119912082.0000042,12845334.9999971,2179,9.335068489847192,-0.07897948977074343,13.0,9.0,4.0
650,KIDNEY TRANSPLANT WITH HEMODIALYSIS WITH MCC,10.132530445729618,905954262.9991,97603351.000095,2130,9.28199958009862,0.8505308656309971,4.0,10.0,-6.0
149,DYSEQUILIBRIUM,9.16526862791693,366386907.0001193,39989090.9999923,7721,9.162171428207504,0.003097199709426235,15.0,11.0,4.0
419,LAPAROSCOPIC CHOLECYSTECTOMY WITHOUT C.D.E. WITHOUT CC/MCC,9.465130923871394,202962840.000037,22170096.9999985,2460,9.154801623107502,0.3103293007638914,8.0,12.0,-4.0
282,"ACUTE MYOCARDIAL INFARCTION, DISCHARGED ALIVE WITHOUT CC/MCC",9.56140417675674,253894985.0001024,27775628.0000198,5809,9.140926894611399,0.42047728214534175,7.0,13.0,-6.0
307,CARDIAC CONGENITAL AND VALVULAR DISORDERS WITHOUT MCC,9.322070810722757,18057879.00019,1979276.0000002,214,9.123476968441075,0.19859384228168153,10.0,14.0,-4.0
351,INGUINAL AND FEMORAL HERNIA PROCEDURES WITH CC,8.808871099509028,14359610.000002,1599910.9999882001,136,8.975255498654555,-0.16638439914552627,19.0,15.0,4.0
743,UTERINE AND ADNEXA PROCEDURES FOR NON-MALIGNANCY WITHOUT CC/MCC,9.225826202190671,29571791.999909,3302381.9999985,386,8.954685436125327,0.27114076606534354,14.0,16.0,-2.0
066,INTRACRANIAL HEMORRHAGE OR CEREBRAL INFARCTION WITHOUT CC/MCC,9.329680297099186,415194333.9998778,46529479.999995,9902,8.923253257932872,0.4064270391663136,9.0,17.0,-8.0
322,PERCUTANEOUS CARDIOVASCULAR PROCEDURES WITH INTRALUMINAL DEVICE WITHOUT MCC,9.280547776346975,5307369240.995353,600520808.9996297,46534,8.837943933760712,0.4426038425862622,12.0,18.0,-6.0
204,RESPIRATORY SIGNS AND SYMPTOMS,8.77435830823447,26697021.999971,3039267.9999923,495,8.784030233608433,-0.00967192537396322,21.0,19.0,2.0
395,OTHER DIGESTIVE SYSTEM DIAGNOSES WITHOUT CC/MCC,8.423217678866383,20487588.9999813,2369929.9999985998,517,8.644807652543916,-0.22158997367753308,29.0,20.0,9.0
511,"SHOULDER, ELBOW OR FOREARM PROCEDURES, EXCEPT MAJOR JOINT PROCEDURES WITH CC",8.725458667141705,12928045.000219,1509241.000007,114,8.565924859024529,0.15953380811717643,22.0,21.0,1.0
557,"TENDONITIS, MYOSITIS AND BURSITIS WITH MCC",8.604959331436914,22851104.000077,2681904.999992,194,8.520474811801748,0.08448451963516668,26.0,22.0,4.0
661,KIDNEY AND URETER PROCEDURES FOR NON-NEOPLASM WITHOUT CC/MCC,8.656195067983614,210995681.9999586,24874186.9999866,3619,8.482515709963597,0.1736793580200171,24.0,23.0,1.0
310,CARDIAC ARRHYTHMIA AND CONDUCTION DISORDERS WITHOUT CC/MCC,8.708351733812577,710975399.9995956,84138564.0000274,24508,8.450053889669,0.25829784414357704,23.0,24.0,-1.0
287,"CIRCULATORY DISORDERS EXCEPT AMI, WITH CARDIAC CATHETERIZATION WITHOUT MCC",8.603064393441228,1818529499.0010066,215787620.0000559,28522,8.427404218094326,0.17566017534690204,27.0,25.0,2.0
093,OTHER DISORDERS OF NERVOUS SYSTEM WITHOUT CC/MCC,8.87374083395936,40357505.9999215,4810307.9999935,741,8.389796661664082,0.48394417229527775,18.0,26.0,-8.0
626,"THYROID, PARATHYROID AND THYROGLOSSAL PROCEDURES WITH CC",7.1879716678450505,12223447.000041999,1463249.000003,106,8.353634275517658,-1.1656626076726075,95.0,27.0,68.0
694,URINARY STONES WITHOUT MCC,8.291948104518914,37389352.9998977,4476525.9999983,783,8.35231449564057,-0.06036639112165609,31.0,28.0,3.0
153,OTITIS MEDIA AND URI WITHOUT MCC,8.194617330663833,19357681.999954302,2325772.0000022,390,8.32312109696737,-0.12850376630353644,35.0,29.0,6.0
828,MYELOPROLIFERATIVE DISORDERS OR POORLY DIFFERENTIATED NEOPLASMS WITH MAJOR O.R. PROCEDUR,7.960980796103844,13433534.000018,1614315.000005,103,8.321507264676592,-0.36052646857274784,47.0,30.0,17.0
155,"OTHER EAR, NOSE, MOUTH AND THROAT DIAGNOSES WITH CC",8.357374767447363,12493023.000043001,1516193.0000028,205,8.2397313534754,0.11764341397196176,30.0,31.0,-1.0
313,CHEST PAIN,8.060059496274977,573486932.0000728,69948777.0000261,13606,8.198669892396529,-0.13861039612155146,42.0,32.0,10.0
475,AMPUTATION FOR MUSCULOSKELETAL SYSTEM AND CONNECTIVE TISSUE DISORDERS WITH CC,8.074720465146559,19063488.00006,2327689.999985,126,8.189874081249155,-0.11515361610259589,40.0,33.0,7.0
055,NERVOUS SYSTEM NEOPLASMS WITHOUT MCC,7.881697180010293,10206588.999944,1246440.0000017,132,8.188592310845351,-0.30689513083505826,51.0,34.0,17.0
145,"OTHER EAR, NOSE, MOUTH AND THROAT O.R. PROCEDURES WITHOUT CC/MCC",8.245760575761778,11028466.99999,1360854.0000029,118,8.104078027449306,0.14168254831247218,32.0,35.0,-3.0
206,OTHER RESPIRATORY SYSTEM DIAGNOSES WITHOUT MCC,7.874239876041228,111511627.999642,13792585.0000545,1679,8.084896921005118,-0.21065704496388982,52.0,36.0,16.0
381,COMPLICATED PEPTIC ULCER WITH CC,7.552777891392422,31420868.999938,3886638.0000004,481,8.084331239476063,-0.5315533480836407,67.0,37.0,30.0
084,TRAUMATIC STUPOR AND COMA >1 HOUR WITHOUT CC/MCC,8.494174577716777,44374480.999979,5498744.999997,692,8.069928865587185,0.4242457121295917,28.0,38.0,-10.0
708,MAJOR MALE PELVIC PROCEDURES WITHOUT CC/MCC,9.055901660955664,39301891.000147,4894334.0000347,464,8.030079475546286,1.0258221854093783,17.0,39.0,-22.0
305,HYPERTENSION WITHOUT MCC,7.891785550352361,715584051.9995159,89275194.0000145,17181,8.015485824644633,-0.12370027429227282,50.0,40.0,10.0
390,GASTROINTESTINAL OBSTRUCTION WITHOUT CC/MCC,8.210094150585746,246445307.000012,30773853.0000134,8779,8.008269455238663,0.20182469534708325,33.0,41.0,-8.0
914,TRAUMATIC INJURY WITHOUT MCC,8.645389873041685,10754777.999998,1343315.0000043,182,8.006147478412416,0.6392423946292691,25.0,42.0,-17.0
386,INFLAMMATORY BOWEL DISEASE WITH CC,7.540209839721349,57519472.999887,7215769.9999719,1018,7.9713562100941395,-0.43114637037279024,68.0,43.0,25.0
398,APPENDIX PROCEDURES WITH CC,7.837279560445462,18150542.000002,2283390.9999919,210,7.948941727486177,-0.11166216704071452,53.0,44.0,9.0
303,ATHEROSCLEROSIS WITHOUT MCC,7.983128331674603,70484691.000006,8873815.0000051,1860,7.942997572066298,0.0401307596083047,45.0,45.0,0.0
418,LAPAROSCOPIC CHOLECYSTECTOMY WITHOUT C.D.E. WITH CC,8.067359828563749,1049502253.000003,132656683.9999732,11142,7.911416306774373,0.15594352178937587,41.0,46.0,-5.0
301,PERIPHERAL VASCULAR DISORDERS WITHOUT CC/MCC,8.15278775001418,12777895.000038,1616822.0000001001,289,7.903093228591155,0.2496945214230255,38.0,47.0,-9.0
062,"ISCHEMIC STROKE, PRECEREBRAL OCCLUSION OR TRANSIENT ISCHEMIA WITH THROMBOLYTIC AGENT WIT",7.904249439824888,203602708.000019,26059627.000052,1826,7.812955572987009,0.0912938668378791,49.0,48.0,1.0
007,LUNG TRANSPLANT,7.779794378127292,485597204.99702996,62439956.000348,454,7.77702670056852,0.0027676775587721636,57.0,49.0,8.0
061,"ISCHEMIC STROKE, PRECEREBRAL OCCLUSION OR TRANSIENT ISCHEMIA WITH THROMBOLYTIC AGENT WIT",8.089750615808795,77508102.999714,10015590.99998,426,7.738744822933442,0.3510057928753527,39.0,50.0,-11.0
281,"ACUTE MYOCARDIAL INFARCTION, DISCHARGED ALIVE WITH CC",8.028418344021823,1574770364.9993122,203652034.0000841,30631,7.732652279813036,0.29576606420878715,43.0,51.0,-8.0
317,CONCOMITANT LEFT ATRIAL APPENDAGE CLOSURE AND CARDIAC ABLATION,6.751210684134483,238766177.99971,30930914.000039,584,7.719337941303931,-0.9681272571694484,162.0,52.0,110.0
379,GASTROINTESTINAL HEMORRHAGE WITHOUT CC/MCC,8.204059528386324,35419679.9999968,4608723.0000007,1039,7.685356659532678,0.5187028688536461,34.0,53.0,-19.0
841,LYMPHOMA AND NON-ACUTE LEUKEMIA WITH CC,7.608417681776567,196244386.000085,25592002.000005,1686,7.668192039061526,-0.059774357284958946,64.0,54.0,10.0
684,RENAL FAILURE WITHOUT CC/MCC,8.187249806181564,25842024.000006802,3375444.0000015,901,7.655888825290931,0.531360980890633,36.0,55.0,-19.0
261,CARDIAC PACEMAKER REVISION EXCEPT DEVICE REPLACEMENT WITH CC,7.0472495554699,25310501.999978,3316525.000002,196,7.631633109945722,-0.5843835544758216,110.0,56.0,54.0
185,MAJOR CHEST TRAUMA WITHOUT CC/MCC,7.790919854132436,6789462.000043999,895487.0000057,121,7.581865510052946,0.20905434407948942,55.0,57.0,-2.0
123,NEUROLOGICAL EYE DISORDERS,8.778416852200403,9216751.999978,1216544.0000044,190,7.576176447333319,1.2022404048670836,20.0,58.0,-38.0
645,ENDOCRINE DISORDERS WITHOUT CC/MCC,7.393120837518007,8676654.000006,1145626.9999998,208,7.5737164015927645,-0.18059556407475785,73.0,59.0,14.0
517,OTHER MUSCULOSKELETAL SYSTEM AND CONNECTIVE TISSUE O.R. PROCEDURES WITHOUT CC/MCC,7.74218223060624,173608562.000051,22924078.0000276,2059,7.573197142316562,0.16898508828967795,59.0,60.0,-1.0
039,EXTRACRANIAL PROCEDURES WITHOUT CC/MCC,7.971631392971794,459315065.998962,60797263.9999451,7739,7.554864080715487,0.41676731225630714,46.0,61.0,-15.0
065,INTRACRANIAL HEMORRHAGE OR CEREBRAL INFARCTION WITH CC OR TPA IN 24 HOURS,7.717234193269063,3838261958.000428,509410712.000048,68157,7.53470994540073,0.18252424786833377,60.0,62.0,-2.0
355,HERNIA PROCEDURES EXCEPT INGUINAL AND FEMORAL WITHOUT CC/MCC,7.8300997962299475,59527077.999798,7925000.0000042,790,7.511303217636145,0.31879657859380206,54.0,63.0,-9.0
658,KIDNEY AND URETER PROCEDURES FOR NEOPLASM WITHOUT CC/MCC,8.157992172258956,104549023.000277,13933763.9999794,1248,7.503286477396314,0.654705694862642,37.0,64.0,-27.0
477,BIOPSIES OF MUSCULOSKELETAL SYSTEM AND CONNECTIVE TISSUE WITH MCC,7.216057265046521,69624986.999646,9324542.999987,319,7.46685247735391,-0.25079521230738866,88.0,65.0,23.0
436,MALIGNANCY OF HEPATOBILIARY SYSTEM OR PANCREAS WITH CC,7.193837354198018,62180284.000045,8352985.9999745,908,7.444078560676963,-0.250241206478945,91.0,66.0,25.0
187,PLEURAL EFFUSION WITH CC,6.76884471533948,13093376.000001,1760673.0000044,217,7.436574537105004,-0.6677298217655245,158.0,67.0,91.0
620,O.R. PROCEDURES FOR OBESITY WITH CC,7.594164356032364,23278148.999993,3141990.0000135,247,7.408727908075131,0.18543644795723235,65.0,68.0,-3.0
321,PERCUTANEOUS CARDIOVASCULAR PROCEDURES WITH INTRALUMINAL DEVICE WITH MCC OR 4+ ARTERIES/,7.659532172635452,5088072997.004367,687896740.999693,30999,7.3965650565665895,0.2629671160688627,62.0,69.0,-7.0
866,VIRAL ILLNESS WITHOUT MCC,6.86834146707568,30609766.999939,4139927.0000136,536,7.393793900191584,-0.5254524331159036,134.0,70.0,64.0
184,MAJOR CHEST TRAUMA WITH CC,7.5856029114157995,379522094.99988,51362021.0000015,6265,7.389158129113902,0.19644478230189755,66.0,71.0,-5.0
324,CORONARY INTRAVASCULAR LITHOTRIPSY WITH INTRALUMINAL DEVICE WITHOUT MCC,8.011919682955702,315080625.000029,42711456.000043,1821,7.37695818657439,0.6349614963813117,44.0,72.0,-28.0
754,"MALIGNANCY, FEMALE REPRODUCTIVE SYSTEM WITH MCC",7.093658402689153,12060552.999985,1635875.000012,102,7.372539466583039,-0.2788810638938859,104.0,73.0,31.0
357,OTHER DIGESTIVE SYSTEM O.R. PROCEDURES WITH CC,7.362168670655518,80955824.999936,11003263.000009,629,7.357437970888252,0.0047306997672666995,75.0,74.0,1.0
580,"OTHER SKIN, SUBCUTANEOUS TISSUE AND BREAST PROCEDURES WITH CC",7.156557627101336,119608637.000395,16276111.0000111,1201,7.34872335291357,-0.19216572581223446,97.0,75.0,22.0
195,SIMPLE PNEUMONIA AND PLEURISY WITHOUT CC/MCC,7.9493759973804226,54063761.0000067,7375593.0000064,1837,7.330090068684617,0.6192859286958052,48.0,76.0,-28.0
864,FEVER AND INFLAMMATORY CONDITIONS,7.188208485278062,41197197.999852,5672006.0000072,777,7.263250074100716,-0.07504158882265433,94.0,77.0,17.0
621,O.R. PROCEDURES FOR OBESITY WITHOUT CC/MCC,7.781872712172702,79554521.99996,10967537.0000018,1084,7.253636071612702,0.5282366405600003,56.0,78.0,-22.0
478,BIOPSIES OF MUSCULOSKELETAL SYSTEM AND CONNECTIVE TISSUE WITH CC,6.960797671307614,203147573.99997,28013686.999991,1480,7.251725701084447,-0.29092802977683263,122.0,79.0,43.0
439,DISORDERS OF PANCREAS EXCEPT MALIGNANCY WITH CC,7.275833561391002,281368324.9999324,38951286.9999785,6261,7.2235950765911205,0.052238484799881135,80.0,80.0,0.0
544,PATHOLOGICAL FRACTURES AND MUSCULOSKELETAL AND CONNECTIVE TISSUE MALIGNANCY WITHOUT CC/M,7.274918943894392,16640714.999947,2305364.9999986,467,7.2182561112696275,0.0566628326247649,81.0,81.0,0.0
417,LAPAROSCOPIC CHOLECYSTECTOMY WITHOUT C.D.E. WITH MCC,7.198219300120305,530825941.000272,73563343.99995,4116,7.215902814323296,-0.017683514202990303,90.0,82.0,8.0
707,MAJOR MALE PELVIC PROCEDURES WITH CC/MCC,7.771140498562217,46260939.999836996,6412159.0000064,390,7.214565328119721,0.5565751704424962,58.0,83.0,-25.0
260,CARDIAC PACEMAKER REVISION EXCEPT DEVICE REPLACEMENT WITH MCC,7.39521770645693,37776761.999873,5253991.9999979995,145,7.190106494240452,0.20511121221647777,72.0,84.0,-12.0
392,"ESOPHAGITIS, GASTROENTERITIS AND MISCELLANEOUS DIGESTIVE DISORDERS WITHOUT MCC",7.144070512227881,3493991167.998787,486777845.9998269,85970,7.177794134862968,-0.03372362263508766,98.0,85.0,13.0
445,DISORDERS OF THE BILIARY TRACT WITH CC,7.362660249693111,588384075.000154,81983281.9999272,9692,7.176878756826015,0.185781492867096,74.0,86.0,-12.0
086,TRAUMATIC STUPOR AND COMA <1 HOUR WITH CC,7.037019308941971,607000238.000659,84707000.9999778,8306,7.165880397546102,-0.1288610886041317,112.0,87.0,25.0
629,"OTHER ENDOCRINE, NUTRITIONAL AND METABOLIC O.R. PROCEDURES WITH CC",7.113362066537276,42207519.999762,5897397.000017,325,7.156974509201318,-0.04361244266404274,101.0,88.0,13.0
579,"OTHER SKIN, SUBCUTANEOUS TISSUE AND BREAST PROCEDURES WITH MCC",6.713708718675875,44832179.999953,6280653.000022,210,7.138139935416901,-0.42443121674102624,166.0,89.0,77.0
144,"OTHER EAR, NOSE, MOUTH AND THROAT O.R. PROCEDURES WITH CC",7.277692729682502,23551201.000096,3299707.000002,180,7.137361286951152,0.14033144273135,79.0,90.0,-11.0
200,PNEUMOTHORAX WITH CC,7.401114844475008,121849812.000004,17087781.9999952,2005,7.130814988161612,0.2702998563133958,71.0,91.0,-20.0
158,DENTAL AND ORAL DISEASES WITH CC,6.783058924076465,16268154.9999735,2289317.0000044,296,7.1061172393085945,-0.3230583152321298,153.0,92.0,61.0
843,OTHER MYELOPROLIFERATIVE DISORDERS OR POORLY DIFFERENTIATED NEOPLASTIC DIAGNOSES WITH MC,6.602813649637629,19844794.000051998,2796117.999997,121,7.097266281349102,-0.49445263171147236,189.0,93.0,96.0
740,UTERINE AND ADNEXA PROCEDURES FOR NON-OVARIAN AND NON-ADNEXAL MALIGNANCY WITH CC,7.188667494690357,19551975.000189,2757963.9999695,172,7.089278540403436,0.09938895428692085,93.0,94.0,-1.0
494,"LOWER EXTREMITY AND HUMERUS PROCEDURES EXCEPT HIP, FOOT AND FEMUR WITHOUT CC/MCC",7.225722685620754,167260971.99998,23600667.9999507,1650,7.087128720268825,0.13859396535192925,87.0,95.0,-8.0
368,MAJOR ESOPHAGEAL DISORDERS WITH MCC,6.655724628103221,31977946.000074998,4512252.9999835,314,7.086913344662175,-0.4311887165589541,179.0,96.0,83.0
005,LIVER TRANSPLANT WITH MCC OR INTESTINAL TRANSPLANT,7.286721051137119,855259153.99881,120988904.999929,1043,7.068905648822195,0.21781540231492436,78.0,97.0,-19.0
536,FRACTURES OF HIP AND PELVIS WITHOUT MCC,7.061795562116295,406441744.0002192,57545482.000027,10120,7.062965325410404,-0.0011697632941087832,109.0,98.0,11.0
074,CRANIAL AND PERIPHERAL NERVE DISORDERS WITHOUT MCC,7.2989228185348995,324357698.9998076,45993958.0000373,5579,7.0521806146699655,0.24674220386493406,77.0,99.0,-22.0
552,MEDICAL BACK PROBLEMS WITHOUT MCC,6.836925679434663,2204340053.000317,312900282.0001101,43981,7.04486438589896,-0.20793870646429724,141.0,100.0,41.0
354,HERNIA PROCEDURES EXCEPT INGUINAL AND FEMORAL WITH CC,7.2392290373908565,125099720.000003,17770182.0000385,1272,7.039867121210799,0.19936191618005772,85.0,101.0,-16.0
824,LYMPHOMA AND NON-ACUTE LEUKEMIA WITH OTHER PROCEDURES WITH CC,7.111148881515855,19253947.999905,2736499.000001,119,7.035978452722975,0.07517042879288027,102.0,102.0,0.0
331,MAJOR SMALL AND LARGE BOWEL PROCEDURES WITHOUT CC/MCC,7.330463136086725,987413888.99882,140401913.0000854,11649,7.032766633302349,0.2976965027843761,76.0,103.0,-27.0
520,BACK AND NECK PROCEDURES EXCEPT SPINAL FUSION WITHOUT CC/MCC,6.8831999076074535,74429768.000045,10627216.9999264,938,7.003693252952346,-0.12049334534489287,132.0,104.0,28.0
605,"TRAUMA TO THE SKIN, SUBCUTANEOUS TISSUE AND BREAST WITHOUT MCC",7.127260847373978,254290613.9999666,36323384.9999662,5045,7.0007410928305065,0.1265197545434713,100.0,105.0,-5.0
250,PERCUTANEOUS CARDIOVASCULAR PROCEDURES WITHOUT INTRALUMINAL DEVICE WITH MCC,6.954290192381484,25950319.999795,3707490.999993,190,6.999428993851636,-0.04513880147015126,124.0,106.0,18.0
823,LYMPHOMA AND NON-ACUTE LEUKEMIA WITH OTHER PROCEDURES WITH MCC,7.063640371331315,137679214.00061,19683574.999977,329,6.994624401348377,0.06901596998293869,108.0,107.0,1.0
660,KIDNEY AND URETER PROCEDURES FOR NON-NEOPLASM WITH CC,6.982925045124671,865568744.999602,123786375.0,12733,6.992439555642549,-0.009514510517877994,117.0,108.0,9.0
176,PULMONARY EMBOLISM WITHOUT MCC,7.2614224359504815,395284766.0000713,56546975.0000139,9457,6.990378636522539,0.2710437994279422,82.0,109.0,-27.0
713,TRANSURETHRAL PROSTATECTOMY WITH CC/MCC,6.723997607742886,60041115.000195,8600640.000002699,748,6.981005483333352,-0.2570078755904657,165.0,110.0,55.0
306,CARDIAC CONGENITAL AND VALVULAR DISORDERS WITH MCC,6.775424857029514,69175215.999883,9915159.9999897,664,6.976712024814008,-0.20128716778449363,156.0,111.0,45.0
865,VIRAL ILLNESS WITH MCC,6.441185019965491,35295210.999826,5063811.9999862,272,6.970087159618522,-0.5289021396530309,222.0,112.0,110.0
427,MULTIPLE LEVEL COMBINED ANTERIOR AND POSTERIOR SPINAL FUSION EXCEPT CERVICAL WITH CC,7.0100949610762235,510084622.0002,73205202.99994,1170,6.967873881868999,0.0422210792072244,114.0,113.0,1.0
433,CIRRHOSIS AND ALCOHOLIC HEPATITIS WITH CC,6.868351464827591,153519846.000129,22050179.9999691,2658,6.962294457475819,-0.09394299264822781,133.0,114.0,19.0
312,SYNCOPE AND COLLAPSE,6.978154679960403,2395853009.000634,344153022.999909,51859,6.961592224634527,0.01656245532587519,118.0,115.0,3.0
101,SEIZURES WITHOUT MCC,7.159567898236404,1091806833.000737,156979313.9999868,21467,6.955100039492011,0.2044678587443931,96.0,116.0,-20.0
054,NERVOUS SYSTEM NEOPLASMS WITH MCC,6.952387952354988,462552026.000238,66518794.000002496,5366,6.9537043320451755,-0.00131637969018783,125.0,117.0,8.0
669,TRANSURETHRAL PROCEDURES WITH CC,7.0718724829237605,25424931.999984,3662440.0000011,296,6.942074682445682,0.12979780047807843,107.0,118.0,-11.0
571,SKIN DEBRIDEMENT WITH CC,7.615617727264517,22255771.999946,3206562.0000019,258,6.940695985274201,0.6749217419903166,63.0,119.0,-56.0
309,CARDIAC ARRHYTHMIA AND CONDUCTION DISORDERS WITH CC,7.022565628483813,2190161942.0013504,317131132.9999328,60439,6.906171340805616,0.11639428767819648,113.0,120.0,-7.0
737,UTERINE AND ADNEXA PROCEDURES FOR OVARIAN OR ADNEXAL MALIGNANCY WITH CC,6.909693142535733,68555482.000031,9931178.999978,555,6.903055719787435,0.00663742274829815,128.0,121.0,7.0
389,GASTROINTESTINAL OBSTRUCTION WITH CC,6.961742102095497,1262818657.9998116,182960772.9999006,32114,6.902127911322815,0.05961419077268193,121.0,122.0,-1.0
556,SIGNS AND SYMPTOMS OF MUSCULOSKELETAL SYSTEM AND CONNECTIVE TISSUE WITHOUT MCC,7.096420845296026,121412926.0000572,17591427.9999913,2688,6.901823206172759,0.1945976391232671,103.0,123.0,-20.0
482,HIP AND FEMUR PROCEDURES EXCEPT MAJOR JOINT WITHOUT CC/MCC,7.082305022995397,551838972.000369,79989844.999996,6826,6.898862874411077,0.18344214858432029,105.0,124.0,-19.0
656,KIDNEY AND URETER PROCEDURES FOR NEOPLASM WITH MCC,6.712198659043116,70299030.000075,10192279.999973,329,6.897282060565568,-0.18508340152245228,167.0,125.0,42.0
141,MAJOR HEAD AND NECK PROCEDURES WITH CC,7.246158603736668,160474241.000273,23283716.999939,1174,6.892122980222334,0.35403562351433404,84.0,126.0,-42.0
323,CORONARY INTRAVASCULAR LITHOTRIPSY WITH INTRALUMINAL DEVICE WITH MCC,7.041015027336475,291548539.000465,42419030.999993,1218,6.873059853736714,0.1679551735997613,111.0,127.0,-16.0
328,"STOMACH, ESOPHAGEAL AND DUODENAL PROCEDURES WITHOUT CC/MCC",7.142957905390538,187765649.999677,27336579.999915298,2141,6.868659137326571,0.274298768063967,99.0,128.0,-29.0
167,OTHER RESPIRATORY SYSTEM O.R. PROCEDURES WITH CC,6.841035272678508,105974252.99992299,15429642.0000364,965,6.868225004810416,-0.027189732131907896,139.0,129.0,10.0
083,TRAUMATIC STUPOR AND COMA >1 HOUR WITH CC,6.977243926439982,587622911.99965,85646579.0000734,7533,6.861020239922793,0.1162236865171895,119.0,130.0,-11.0
657,KIDNEY AND URETER PROCEDURES FOR NEOPLASM WITH CC,6.957163468937135,259755835.000651,37939595.0000475,2505,6.846563201329002,0.1106002676081328,123.0,131.0,-8.0
273,PERCUTANEOUS AND OTHER INTRACARDIAC PROCEDURES WITH MCC,6.964506442402921,1201931565.999857,175584161.000031,5244,6.845330234540032,0.11917620786288818,120.0,132.0,-12.0
565,OTHER MUSCULOSKELETAL SYSTEM AND CONNECTIVE TISSUE DIAGNOSES WITH CC,6.837353557401887,86000475.9999867,12587544.9999847,1701,6.832188166961169,0.005165390440717843,140.0,133.0,7.0
563,"FRACTURE, SPRAIN, STRAIN AND DISLOCATION EXCEPT FEMUR, HIP, PELVIS AND THIGH WITHOUT MCC",6.810746285881216,695532317.9997706,102096142.0000235,15402,6.812523023637961,-0.0017767377567450282,147.0,134.0,13.0
435,MALIGNANCY OF HEPATOBILIARY SYSTEM OR PANCREAS WITH MCC,6.701750831571621,816055460.9995869,120448170.9998938,7905,6.775158594980296,-0.07340776340867539,170.0,135.0,35.0
375,DIGESTIVE MALIGNANCY WITH CC,6.65903144839003,233050795.9996496,34403561.9999629,3494,6.774031014576366,-0.11499956618633611,177.0,136.0,41.0
236,CORONARY BYPASS WITHOUT CARDIAC CATHETERIZATION WITHOUT MCC,7.191259575779624,2478623848.997474,366107428.000167,12346,6.770209122870742,0.4210504529088812,92.0,137.0,-45.0
518,BACK AND NECK PROCEDURES EXCEPT SPINAL FUSION WITH MCC OR DISC DEVICE OR NEUROSTIMULATOR,6.381643923802362,40833797.00016,6041519.000001,181,6.75886263043338,-0.37721870663101775,231.0,138.0,93.0
186,PLEURAL EFFUSION WITH MCC,6.513171521274318,143488325.999987,21255457.0000359,1751,6.75065824271596,-0.23748672144164207,204.0,139.0,65.0
315,OTHER CIRCULATORY SYSTEM DIAGNOSES WITH CC,6.733146345100015,456871515.9997756,67699275.9999645,8781,6.748543603332111,-0.015397258232096256,164.0,140.0,24.0
748,FEMALE REPRODUCTIVE SYSTEM RECONSTRUCTIVE PROCEDURES,6.452886931057245,11898547.00004,1767135.9999978999,162,6.7332378492963425,-0.2803509182390975,219.0,141.0,78.0
202,BRONCHITIS AND ASTHMA WITH CC/MCC,6.644357319688173,522404531.0000095,77674822.0000292,10816,6.725532386798557,-0.08117506711038391,180.0,142.0,38.0
394,OTHER DIGESTIVE SYSTEM DIAGNOSES WITH CC,6.7858906156540355,1150740751.0008166,171288886.9997988,23654,6.718128485487609,0.06776213016642618,152.0,143.0,9.0
038,EXTRACRANIAL PROCEDURES WITH CC,6.901736738224055,278664832.000546,41509565.0000464,3458,6.713267941984804,0.18846879623925084,131.0,144.0,-13.0
639,DIABETES WITHOUT CC/MCC,6.921198236185286,5480887.000003,817274.9999991,158,6.706294698857833,0.21490353732745326,126.0,145.0,-19.0
179,RESPIRATORY INFECTIONS AND INFLAMMATIONS WITHOUT CC/MCC,7.4514317373447305,33602351.00001,5019512.9999987,953,6.694344849792938,0.7570868875517922,70.0,146.0,-76.0
378,GASTROINTESTINAL HEMORRHAGE WITH CC,6.849303154974161,3692325913.999862,551579618.9999094,75613,6.6940941739191935,0.15520898105496794,137.0,147.0,-10.0
464,WOUND DEBRIDEMENT AND SKIN GRAFT EXCEPT HAND FOR MUSCULOSKELETAL AND CONNECTIVE TISSUE D,6.561252664836299,370780997.000272,55396925.000039,2034,6.693169286923615,-0.13191662208731536,194.0,148.0,46.0
041,"PERIPHERAL, CRANIAL NERVE AND OTHER NERVOUS SYSTEM PROCEDURES WITH CC OR PERIPHERAL NEUR",6.8247514809713,198761688.000627,29697971.000068,1631,6.6927699538858025,0.1319815270854976,145.0,149.0,-4.0
244,PERMANENT CARDIAC PACEMAKER IMPLANT WITHOUT CC/MCC,6.804759637123777,353424252.999373,52956076.0000186,4007,6.673913169080898,0.13084646804287825,149.0,150.0,-1.0
254,OTHER VASCULAR PROCEDURES WITHOUT CC/MCC,6.99547336806559,130904159.000267,19676803.9999962,1543,6.65271448555834,0.3427588825072503,115.0,151.0,-36.0
493,"LOWER EXTREMITY AND HUMERUS PROCEDURES EXCEPT HIP, FOOT AND FEMUR WITH CC",6.842643954623483,1273784837.9986,191490215.999934,10223,6.651957810727202,0.19068614389628102,138.0,152.0,-14.0
463,WOUND DEBRIDEMENT AND SKIN GRAFT EXCEPT HAND FOR MUSCULOSKELETAL AND CONNECTIVE TISSUE D,6.53740170924281,291990361.999325,43936764.999876,816,6.645695512633874,-0.10829380339106365,201.0,153.0,48.0
854,INFECTIOUS AND PARASITIC DISEASES WITH O.R. PROCEDURES WITH CC,6.771403833226677,1347156367.001456,203038261.9998628,13459,6.634987680314001,0.13641615291267595,157.0,154.0,3.0
165,MAJOR CHEST PROCEDURES WITHOUT CC/MCC,6.799692786391757,441120665.999707,66498167.0001753,4444,6.63357632096151,0.16611646543024694,150.0,155.0,-5.0
473,CERVICAL SPINAL FUSION WITHOUT CC/MCC,6.830697697444965,265373091.000011,40023695.0000638,2401,6.63039959203137,0.20029810541359439,143.0,156.0,-13.0
501,SOFT TISSUE PROCEDURES WITH CC,6.483898864017777,44459904.000112,6708496.0000097,409,6.627402624977001,-0.14350376095922357,213.0,157.0,56.0
233,CORONARY BYPASS WITH CARDIAC CATHETERIZATION OR OPEN ABLATION WITH MCC,6.8309695358946465,2509560085.000924,379197223.99991,6594,6.618086647705838,0.2128828881888083,142.0,158.0,-16.0
654,MAJOR BLADDER PROCEDURES WITH CC,6.858509143018083,248957374.999789,37637137.999968,1511,6.614673384570333,0.24383575844775063,136.0,159.0,-23.0
516,OTHER MUSCULOSKELETAL SYSTEM AND CONNECTIVE TISSUE O.R. PROCEDURES WITH CC,6.705674641114103,666031043.000674,100709904.999795,6436,6.613361843624316,0.09231279748978771,169.0,160.0,9.0
442,"DISORDERS OF LIVER EXCEPT MALIGNANCY, CIRRHOSIS OR ALCOHOLIC HEPATITIS WITH CC",6.62517077289419,218435424.000017,33035795.9999954,4126,6.612082966005947,0.013087806888242959,182.0,161.0,21.0
234,CORONARY BYPASS WITH CARDIAC CATHETERIZATION OR OPEN ABLATION WITHOUT MCC,6.90965944394434,1330896603.998744,201560514.999966,5526,6.6029629066931514,0.30669653725118895,129.0,162.0,-33.0
380,COMPLICATED PEPTIC ULCER WITH MCC,6.292205783343209,77189988.00000401,11710592.000037,678,6.591467621770114,-0.29926183842690524,248.0,163.0,85.0
330,MAJOR SMALL AND LARGE BOWEL PROCEDURES WITH CC,6.910850934874859,3928938123.004197,596180862.9993452,33073,6.5901781939762,0.32067274089865894,127.0,164.0,-37.0
272,OTHER MAJOR CARDIOVASCULAR PROCEDURES WITHOUT CC/MCC,6.826737069005938,50534154.000055,7675818.0000289995,403,6.583552919032744,0.24318414997319415,144.0,165.0,-21.0
027,CRANIOTOMY AND ENDOVASCULAR INTRACRANIAL PROCEDURES WITHOUT CC/MCC,7.21480332065601,777270398.001323,118155351.0000275,5562,6.578376615386146,0.636426705269864,89.0,166.0,-77.0
336,PERITONEAL ADHESIOLYSIS WITH CC,6.663660389808728,189010086.999994,28745575.000017602,1716,6.575275916375938,0.08838447343278943,176.0,167.0,9.0
402,SINGLE LEVEL COMBINED ANTERIOR AND POSTERIOR SPINAL FUSION EXCEPT CERVICAL,6.445785517450102,266127841.999438,40482281.999967,1378,6.573933801450593,-0.12814828400049105,221.0,168.0,53.0
194,SIMPLE PNEUMONIA AND PLEURISY WITH CC,6.808300930610477,1620718499.000374,246663735.9998952,41948,6.570558466693551,0.2377424639169261,148.0,169.0,-21.0
988,NON-EXTENSIVE O.R. PROCEDURES UNRELATED TO PRINCIPAL DIAGNOSIS WITH CC,6.667461495460163,66902263.999754,10192069.0000081,667,6.564149438126922,0.10331205733324111,175.0,170.0,5.0
125,OTHER DISORDERS OF THE EYE WITHOUT MCC,6.983399379509392,32701212.000029,4989835.9999946,709,6.553564485899815,0.42983489360957705,116.0,171.0,-55.0
546,CONNECTIVE TISSUE DISORDERS WITH CC,6.608485644056727,31749580.999993,4851319.9999943,409,6.544524170747406,0.06396147330932145,188.0,172.0,16.0
092,OTHER DISORDERS OF NERVOUS SYSTEM WITH CC,6.766347674398886,793669296.0004935,121483704.9998759,14722,6.533133772972303,0.23321390142658238,160.0,173.0,-13.0
468,REVISION OF HIP OR KNEE REPLACEMENT WITHOUT CC/MCC,6.779675976446514,1173148539.999813,179765570.999829,9115,6.525991231106923,0.25368474533959073,154.0,174.0,-20.0
615,ADRENAL AND PITUITARY PROCEDURES WITHOUT CC/MCC,6.171432682761541,23793462.000081,3647898.0000031,284,6.522512965017328,-0.35108028225578725,265.0,175.0,90.0
515,OTHER MUSCULOSKELETAL SYSTEM AND CONNECTIVE TISSUE O.R. PROCEDURES WITH MCC,6.456174448338366,164678653.000162,25264162.999961,1005,6.51827068248476,-0.062096234146393314,218.0,176.0,42.0
064,INTRACRANIAL HEMORRHAGE OR CEREBRAL INFARCTION WITH MCC,6.109266837623081,6399411025.0015545,982503609.9997478,62599,6.513371513213267,-0.4041046755901858,280.0,177.0,103.0
522,HIP REPLACEMENT WITH PRINCIPAL DIAGNOSIS OF HIP FRACTURE WITHOUT MCC,6.624349632885294,3825498502.000044,587757076.9997509,37275,6.508638775610464,0.11571085727482977,183.0,178.0,5.0
809,MAJOR HEMATOLOGICAL AND IMMUNOLOGICAL DIAGNOSES EXCEPT SICKLE CELL CRISIS AND COAGULATIO,6.56012035636977,269286637.000195,41383553.9999834,3674,6.5070930592453,0.053027297124470074,196.0,179.0,17.0
470,MAJOR HIP AND KNEE JOINT REPLACEMENT OR REATTACHMENT OF LOWER EXTREMITY WITHOUT MCC,7.077133362359357,5496851014.994013,844794623.0003381,59121,6.506730589112442,0.570402773246915,106.0,180.0,-74.0
205,OTHER RESPIRATORY SYSTEM DIAGNOSES WITH MCC,5.868305002501637,499834206.999684,76884024.0000263,4459,6.501145244420519,-0.6328402419188821,323.0,181.0,142.0
551,MEDICAL BACK PROBLEMS WITH MCC,6.506763621891351,772446956.999551,118888450.00004789,8932,6.497241380464123,0.009522241427228018,207.0,182.0,25.0
489,KNEE PROCEDURES WITHOUT PRINCIPAL DIAGNOSIS OF INFECTION WITHOUT CC/MCC,6.404095916380405,13543421.000011,2088525.0000008,231,6.484682251831227,-0.08058633545082206,228.0,183.0,45.0
208,RESPIRATORY SYSTEM DIAGNOSIS WITH VENTILATOR SUPPORT <=96 HOURS,6.350926463903309,3112930627.002915,480231659.000164,21835,6.48214370848435,-0.13121724458104111,238.0,184.0,54.0
964,OTHER MULTIPLE SIGNIFICANT TRAUMA WITH CC,7.236534654170292,92617837.000733,14306375.000002,1052,6.473885732809328,0.762648921360964,86.0,185.0,-99.0
444,DISORDERS OF THE BILIARY TRACT WITH MCC,6.480604869609024,547822438.999578,84640494.9999777,6191,6.472344461120205,0.008260408488819593,214.0,186.0,28.0
453,COMBINED ANTERIOR AND POSTERIOR SPINAL FUSION WITH MCC,6.430990888497861,595690090.00175,92338260.999715,1012,6.451172932567883,-0.020182044070022442,225.0,187.0,38.0
641,"MISCELLANEOUS DISORDERS OF NUTRITION, METABOLISM, FLUIDS AND ELECTROLYTES WITHOUT MCC",6.560879537290767,2321883527.0004663,360107154.9999989,61771,6.4477572710280455,0.11312226626272182,195.0,188.0,7.0
829,MYELOPROLIFERATIVE DISORDERS OR POORLY DIFFERENTIATED NEOPLASMS WITH OTHER PROCEDURES WI,6.905763721142678,67471425.000119,10466092.99997,293,6.446667825358746,0.45909589578393195,130.0,189.0,-59.0
286,"CIRCULATORY DISORDERS EXCEPT AMI, WITH CARDIAC CATHETERIZATION WITH MCC",6.432119122168189,3889454841.002578,603445590.9994639,34223,6.445410984875409,-0.013291862707220048,224.0,190.0,34.0
948,SIGNS AND SYMPTOMS WITHOUT MCC,6.458662850411158,444602026.0000499,69054335.0000305,11326,6.438437586863352,0.02022526354780574,217.0,191.0,26.0
872,SEPTICEMIA OR SEVERE SEPSIS WITHOUT MV >96 HOURS WITHOUT MCC,6.36526585438627,5139151312.9974375,798854092.9999024,103998,6.433153886335618,-0.067888031949348,232.0,192.0,40.0
181,RESPIRATORY NEOPLASMS WITH CC,6.602366799464294,42730731.000222,6645816.9999903,699,6.42971827245384,0.17264852701045363,190.0,193.0,-3.0
483,MAJOR JOINT OR LIMB REATTACHMENT PROCEDURES OF UPPER EXTREMITIES,6.7058893609232335,1119345248.000491,174294436.999784,8966,6.4221513162917425,0.283738044631491,168.0,194.0,-26.0
481,HIP AND FEMUR PROCEDURES EXCEPT MAJOR JOINT WITH CC,6.492396533592569,6365097283.002518,991580866.9993167,62753,6.419140883853807,0.07325564973876197,212.0,195.0,17.0
535,FRACTURES OF HIP AND PELVIS WITH MCC,6.36105961407986,68076559.000221,10608194.9999898,1062,6.417355544490505,-0.056295930410644957,234.0,196.0,38.0
469,MAJOR HIP AND KNEE JOINT REPLACEMENT OR REATTACHMENT OF LOWER EXTREMITY WITH MCC OR TOTA,6.70157616612167,208860908.000094,32590393.999949,1160,6.408664712688679,0.29291145343299174,171.0,197.0,-26.0
553,BONE DISEASES AND ARTHROPATHIES WITH MCC,6.8182819446390885,12556727.999921,1959934.0000149999,148,6.406709613601733,0.41157233103735535,146.0,198.0,-52.0
142,MAJOR HEAD AND NECK PROCEDURES WITHOUT CC/MCC,6.859927802681443,13638492.999853,2132256.999983,159,6.396270712189823,0.46365709049161996,135.0,199.0,-64.0
040,"PERIPHERAL, CRANIAL NERVE AND OTHER NERVOUS SYSTEM PROCEDURES WITH MCC",6.401757129936691,189920492.000128,29714923.000063002,879,6.391417941743458,0.010339188193232651,229.0,200.0,29.0
180,RESPIRATORY NEOPLASMS WITH MCC,6.358237716181797,766080770.999074,119873447.9999235,8157,6.390746105839576,-0.03250838965777891,235.0,201.0,34.0
407,"PANCREAS, LIVER AND SHUNT PROCEDURES WITHOUT CC/MCC",6.388216024173305,33821046.000178,5293122.00002,282,6.389621474821515,-0.0014054506482104046,230.0,202.0,28.0
519,BACK AND NECK PROCEDURES EXCEPT SPINAL FUSION WITH CC,6.55220192358095,382381344.000245,59869780.9999235,3713,6.386883960720244,0.16531796286070577,198.0,203.0,-5.0
183,MAJOR CHEST TRAUMA WITH MCC,6.6124353552759505,246888380.999853,38668483.9999762,2895,6.384744253227122,0.22769110204882814,186.0,204.0,-18.0
327,"STOMACH, ESOPHAGEAL AND DUODENAL PROCEDURES WITH CC",6.55226380390072,538020941.001281,84283181.999973,4003,6.383491086056212,0.16877271784450798,197.0,205.0,-8.0
275,CARDIAC DEFIBRILLATOR IMPLANT WITH CARDIAC CATHETERIZATION AND MCC,6.479854757987514,256888901.00017,40260023.000039,645,6.380744019940604,0.09911073804691028,215.0,206.0,9.0
388,GASTROINTESTINAL OBSTRUCTION WITH MCC,6.144875084908321,648468033.999333,101688527.0001442,8832,6.377002923824567,-0.232127838916246,272.0,207.0,65.0
956,"LIMB REATTACHMENT, HIP AND FEMUR PROCEDURES FOR MULTIPLE SIGNIFICANT TRAUMA",6.622415468257726,414003259.000239,64933904.000059,1978,6.375764177060151,0.24665129119757534,184.0,208.0,-24.0
385,INFLAMMATORY BOWEL DISEASE WITH MCC,6.610124954509407,9837213.999962,1543791.9999850001,111,6.372111009810636,0.23801394469877124,187.0,209.0,-22.0
199,PNEUMOTHORAX WITH MCC,6.551168086586333,105208333.999847,16512456.9999966,1183,6.3714524131610855,0.17971567342524786,199.0,210.0,-11.0
690,KIDNEY AND URINARY TRACT INFECTIONS WITHOUT MCC,6.3300240551289475,3489011491.000838,547648469.9999341,91493,6.370896080475232,-0.040872025346284424,241.0,211.0,30.0
036,CAROTID ARTERY STENT PROCEDURES WITHOUT CC/MCC,6.695515946898708,413054263.999292,64883003.999922,4852,6.366139644209269,0.3293763026894396,172.0,212.0,-40.0
085,TRAUMATIC STUPOR AND COMA <1 HOUR WITH MCC,6.509125424687305,537375390.999745,84512692.0000086,4544,6.358517026054386,0.15060839863291875,206.0,213.0,-7.0
812,RED BLOOD CELL DISORDERS WITHOUT MCC,6.6864688454656624,1249485919.9993663,197012672.0000319,27448,6.342160163175514,0.34430868229014866,173.0,214.0,-41.0
235,CORONARY BYPASS WITHOUT CARDIAC CATHETERIZATION WITH MCC,6.788222743040718,2515111493.000866,396693468.000183,8759,6.340188825593937,0.44803391744678134,151.0,215.0,-64.0
880,ACUTE ADJUSTMENT REACTION AND PSYCHOSOCIAL DYSFUNCTION,6.503471795266961,49669820.9999593,7837552.0000045,1036,6.337415177587438,0.16605661767952284,210.0,216.0,-6.0
274,PERCUTANEOUS AND OTHER INTRACARDIAC PROCEDURES WITHOUT MCC,6.27043901959282,9123205339.008615,1439721311.001674,58174,6.336785646842459,-0.06634662724963825,251.0,217.0,34.0
229,OTHER CARDIOTHORACIC PROCEDURES WITHOUT MCC,6.353975713339634,655900760.998886,103761706.000102,3889,6.321221829161534,0.0327538841781001,236.0,218.0,18.0
243,PERMANENT CARDIAC PACEMAKER IMPLANT WITH CC,6.5618089400578,1628127154.000661,257573330.0003443,14876,6.32102381872566,0.2407851213321397,193.0,219.0,-26.0
472,CERVICAL SPINAL FUSION WITH CC,6.5335096162520445,1587313648.000641,251454462.000306,11118,6.312529256286211,0.2209803599658331,202.0,220.0,-18.0
607,MINOR SKIN DISORDERS WITHOUT MCC,6.108385172515534,37376430.999958,5923440.9999879,719,6.309918677342164,-0.20153350482663068,282.0,221.0,61.0
558,"TENDONITIS, MYOSITIS AND BURSITIS WITHOUT MCC",6.506641125921382,47761035.9999812,7589714.0000072,1087,6.292863736358958,0.21377738956242354,208.0,222.0,-14.0
432,CIRRHOSIS AND ALCOHOLIC HEPATITIS WITH MCC,6.117682127575986,1091329922.000625,173473236.0001558,10422,6.291056460142617,-0.17337433256663104,278.0,223.0,55.0
374,DIGESTIVE MALIGNANCY WITH MCC,5.980884613580345,633114549.99929,100718250.9998426,5486,6.285996268941162,-0.3051116553608164,301.0,224.0,77.0
428,MULTIPLE LEVEL COMBINED ANTERIOR AND POSTERIOR SPINAL FUSION EXCEPT CERVICAL WITHOUT CC/,6.677043015606029,67928102.000129,10807148.999978,281,6.285478436567061,0.3915645790389677,174.0,225.0,-51.0
304,HYPERTENSION WITH MCC,6.463088095741371,278037064.999951,44242110.9999406,4774,6.284443909114652,0.17864418662671966,216.0,226.0,-10.0
947,SIGNS AND SYMPTOMS WITH MCC,6.080748194927014,101395613.999946,16146030.9999711,1417,6.279909533192863,-0.19916133826584925,286.0,227.0,59.0
178,RESPIRATORY INFECTIONS AND INFLAMMATIONS WITH CC,6.306823082510812,1208719010.999823,192503982.9999963,26447,6.2789298806344505,0.027893201876361573,244.0,228.0,16.0
808,MAJOR HEMATOLOGICAL AND IMMUNOLOGICAL DIAGNOSES EXCEPT SICKLE CELL CRISIS AND COAGULATIO,6.104113857294381,326124033.999554,51967147.999985,2337,6.275580757282429,-0.1714668999880482,284.0,229.0,55.0
920,COMPLICATIONS OF TREATMENT WITH CC,6.15227843515428,284073261.9993828,45301309.9999976,5288,6.270751596353347,-0.11847316119906726,269.0,230.0,39.0
277,CARDIAC DEFIBRILLATOR IMPLANT WITHOUT MCC,6.295705416820473,206665608.999882,32969279.999978002,826,6.268429550175797,0.027275866644676405,246.0,231.0,15.0
196,INTERSTITIAL LUNG DISEASE WITH MCC,5.9337564617693745,381917222.000047,60976383.000017,3667,6.263363013839974,-0.3296065520705991,311.0,232.0,79.0
034,CAROTID ARTERY STENT PROCEDURES WITH MCC,6.631665232006233,35773323.999967,5716549.000018,202,6.257853120799693,0.37381211120654,181.0,233.0,-52.0
308,CARDIAC ARRHYTHMIA AND CONDUCTION DISORDERS WITH MCC,6.352120552313054,2450746652.000155,391697574.0001061,42862,6.256731761120101,0.09538879119295274,237.0,234.0,3.0
191,CHRONIC OBSTRUCTIVE PULMONARY DISEASE WITH CC,6.511717699283532,457955042.9999219,73209066.9999883,11485,6.25544159714527,0.256276102138262,205.0,235.0,-30.0
742,UTERINE AND ADNEXA PROCEDURES FOR NON-MALIGNANCY WITH CC/MCC,6.347559445070798,46303598.999935,7411316.999999,452,6.247688366310772,0.09987107876002632,239.0,236.0,3.0
035,CAROTID ARTERY STENT PROCEDURES WITH CC,6.416659240469868,303858645.000247,48637341.000034,2811,6.247435380976822,0.1692238594930462,227.0,237.0,-10.0
372,MAJOR GASTROINTESTINAL DISORDERS AND PERITONEAL INFECTIONS WITH CC,6.237325462976609,448757669.000077,71843782.0,9250,6.246297960762659,-0.008972497786049694,255.0,238.0,17.0
300,PERIPHERAL VASCULAR DISORDERS WITH CC,6.212098020499653,656032545.0001386,105105982.9999659,12552,6.241628937530145,-0.02953091703049182,257.0,239.0,18.0
299,PERIPHERAL VASCULAR DISORDERS WITH MCC,6.062404740333953,705160421.0002182,113142738.9999372,8550,6.23248497635018,-0.17008023601622657,291.0,240.0,51.0
071,OTHER CEREBROVASCULAR DISORDERS WITH CC,6.51837566551508,533611330.999581,85748647.000015,10522,6.222970853400026,0.29540481211505387,203.0,241.0,-38.0
337,PERITONEAL ADHESIOLYSIS WITHOUT CC/MCC,6.766804527368833,8776736.000031,1410967.9999975,129,6.220365026029329,0.5464395013395036,159.0,242.0,-83.0
638,DIABETES WITH CC,6.447303876857633,1133263185.9994967,182282392.9999847,26317,6.217074328180406,0.23022954867722767,220.0,243.0,-23.0
683,RENAL FAILURE WITH CC,6.215226742777125,3217475168.9986553,518295675.0000708,78178,6.207798606458014,0.007428136319110656,256.0,244.0,12.0
253,OTHER VASCULAR PROCEDURES WITH CC,6.549536752876994,1403726827.000012,226369097.99983,10909,6.201053232986183,0.34848351989081117,200.0,245.0,-45.0
280,"ACUTE MYOCARDIAL INFARCTION, DISCHARGED ALIVE WITH MCC",6.1064605309966105,6446286615.994472,1039637026.9995996,83841,6.200516573172181,-0.09405604217557073,283.0,246.0,37.0
406,"PANCREAS, LIVER AND SHUNT PROCEDURES WITH CC",6.76507438626991,489187201.000593,78942613.00003,3016,6.196744475640895,0.5683299106290143,161.0,247.0,-86.0
592,SKIN ULCERS WITH MCC,5.847954250374467,22671562.999999,3660279.999988,205,6.19394226673187,-0.3459880163574036,324.0,248.0,76.0
221,CARDIAC VALVE AND OTHER MAJOR CARDIOTHORACIC PROCEDURES WITHOUT CARDIAC CATHETERIZATION,6.744440653680879,37835730.999885,6120008.000003,175,6.182300905467192,0.5621397482136876,163.0,249.0,-86.0
643,ENDOCRINE DISORDERS WITH MCC,6.1112966573170375,536633566.999928,86851704.0001236,6565,6.178733891037582,-0.06743723372054422,279.0,250.0,29.0
271,OTHER MAJOR CARDIOVASCULAR PROCEDURES WITH CC,6.439697683877081,1271396210.999179,205854855.99986,7339,6.176177894001411,0.26351978987567026,223.0,251.0,-28.0
220,CARDIAC VALVE AND OTHER MAJOR CARDIOTHORACIC PROCEDURES WITHOUT CARDIAC CATHETERIZATION,6.619706620711017,2195374455.000233,355607332.999749,8116,6.1735916311989625,0.4461149895120542,185.0,252.0,-67.0
024,CRANIOTOMY WITH MAJOR DEVICE IMPLANT OR ACUTE COMPLEX CNS PRINCIPAL DIAGNOSIS WITHOUT MC,6.5023852787634775,535919984.999147,86848767.999976,2804,6.170726394176313,0.3316588845871644,211.0,253.0,-42.0
264,OTHER CIRCULATORY SYSTEM O.R. PROCEDURES,5.952931282428456,524637383.00006,85029072.999981,2915,6.170094115928763,-0.21716283350030707,304.0,254.0,50.0
175,PULMONARY EMBOLISM WITH MCC OR ACUTE COR PULMONALE,6.250683928788608,1444269655.000344,234273648.9999899,21716,6.164883080812927,0.08580084797568155,253.0,255.0,-2.0
073,CRANIAL AND PERIPHERAL NERVE DISORDERS WITH MCC,6.181078312938893,85947978.999764,13945215.9999793,971,6.163259070342946,0.017819242595947138,262.0,256.0,6.0
026,CRANIOTOMY AND ENDOVASCULAR INTRACRANIAL PROCEDURES WITH CC,6.504531105683965,635467975.999126,103112610.999979,3933,6.162854085803873,0.341677019880092,209.0,257.0,-48.0
811,RED BLOOD CELL DISORDERS WITH MCC,6.12791640019826,1555742683.0007539,252794518.0001791,21895,6.154178877406082,-0.02626247720782171,276.0,258.0,18.0
467,REVISION OF HIP OR KNEE REPLACEMENT WITH CC,6.244806839671627,2270176666.001242,368897978.000268,14134,6.153941743751149,0.09086509592047776,254.0,259.0,-5.0
438,DISORDERS OF PANCREAS EXCEPT MALIGNANCY WITH MCC,6.184729436770793,222780392.0008,36207507.9999177,2641,6.152878347808592,0.03185108896220079,261.0,260.0,1.0
623,"SKIN GRAFTS AND WOUND DEBRIDEMENT FOR ENDOCRINE, NUTRITIONAL AND METABOLIC DISORDERS WIT",5.947864301667759,33176167.000184998,5399416.9999841,360,6.1443979970953695,-0.19653369542761023,305.0,261.0,44.0
391,"ESOPHAGITIS, GASTROENTERITIS AND MISCELLANEOUS DIGESTIVE DISORDERS WITH MCC",6.25900744131703,1881835615.998921,306434966.0000509,30034,6.141060338390393,0.11794710292663702,252.0,262.0,-10.0
100,SEIZURES WITH MCC,6.007923261977561,1776440901.997483,289521220.000005,17500,6.135788257584202,-0.12786499560664044,295.0,263.0,32.0
696,KIDNEY AND URINARY TRACT SIGNS AND SYMPTOMS WITHOUT MCC,6.206660475109202,13179670.000003,2148429.9999992,431,6.134558724281409,0.0721017508277928,258.0,264.0,-6.0
480,HIP AND FEMUR PROCEDURES EXCEPT MAJOR JOINT WITH MCC,6.292602636056168,3068112637.000191,501089642.999725,21607,6.122881763496906,0.16972087255926205,247.0,265.0,-18.0
543,PATHOLOGICAL FRACTURES AND MUSCULOSKELETAL AND CONNECTIVE TISSUE MALIGNANCY WITH CC,6.108878518867619,438004654.000014,71665122.0000125,8898,6.111824577650724,-0.0029460587831051654,281.0,266.0,15.0
025,CRANIOTOMY AND ENDOVASCULAR INTRACRANIAL PROCEDURES WITH MCC,6.564107439725303,4805962923.996575,786370251.000091,20790,6.11157774328879,0.4525296964365131,192.0,267.0,-75.0
270,OTHER MAJOR CARDIOVASCULAR PROCEDURES WITH MCC,6.164337333183935,3141620415.000545,514673885.000047,11400,6.104099132599778,0.0602382005841573,267.0,268.0,-1.0
637,DIABETES WITH MCC,6.168217269652334,1458175622.999754,239129761.9999025,20859,6.097842488549579,0.07037478110275419,266.0,269.0,-3.0
193,SIMPLE PNEUMONIA AND PLEURISY WITH MCC,5.752293707466095,8212721015.997961,1348415170.0008047,136649,6.0906471528298365,-0.3383534453637411,341.0,270.0,71.0
377,GASTROINTESTINAL HEMORRHAGE WITH MCC,6.069004511423799,4445353207.002937,730806504.9998513,51100,6.0828046501910125,-0.013800138767213532,290.0,271.0,19.0
577,SKIN GRAFT EXCEPT FOR SKIN ULCER OR CELLULITIS WITH CC,7.253494814253677,27168838.000046,4466914.00001,177,6.082238879008009,1.171255935245668,83.0,272.0,-189.0
539,OSTEOMYELITIS WITH MCC,6.150914427855275,11402979.000014,1875051.000006,110,6.081423385271926,0.0694910425833486,270.0,273.0,-3.0
840,LYMPHOMA AND NON-ACUTE LEUKEMIA WITH MCC,5.6919424340224145,770929624.998523,126839799.999908,3774,6.07797887570843,-0.3860364416860156,355.0,274.0,81.0
164,MAJOR CHEST PROCEDURES WITH CC,6.656887403617376,1475049799.997805,243574380.00023,11919,6.055849551978382,0.6010378516389938,178.0,275.0,-97.0
982,EXTENSIVE O.R. PROCEDURES UNRELATED TO PRINCIPAL DIAGNOSIS WITH CC,6.204394016693014,521388347.999862,86123605.999757,4289,6.053953987961594,0.1504400287314196,259.0,276.0,-17.0
857,POSTOPERATIVE OR POST-TRAUMATIC INFECTIONS WITH O.R. PROCEDURES WITH CC,6.173747737235642,276175953.00065,45636424.999946,2444,6.0516561715992605,0.12209156563638146,264.0,277.0,-13.0
674,OTHER KIDNEY AND URINARY TRACT PROCEDURES WITH CC,6.148552142452914,173370625.999861,28664659.000013,1454,6.048236122389677,0.1003160200632367,271.0,278.0,-7.0
644,ENDOCRINE DISORDERS WITH CC,5.934963933880249,295312320.9999174,48850216.9999526,6026,6.045261190962651,-0.11029725708240168,309.0,279.0,30.0
987,NON-EXTENSIVE O.R. PROCEDURES UNRELATED TO PRINCIPAL DIAGNOSIS WITH MCC,5.918956311524653,367335040.999593,60795877.000011,1872,6.042104483491974,-0.12314817196732086,313.0,280.0,33.0
082,TRAUMATIC STUPOR AND COMA >1 HOUR WITH MCC,6.024548865230764,895577297.000143,148309035.000163,7321,6.038588930196727,-0.014040064965962884,292.0,281.0,11.0
455,COMBINED ANTERIOR AND POSTERIOR SPINAL FUSION WITHOUT CC/MCC,6.158483106062919,2153107038.997734,357115009.00002503,10551,6.029169832505088,0.1293132735578304,268.0,282.0,-14.0
190,CHRONIC OBSTRUCTIVE PULMONARY DISEASE WITH MCC,6.132331092984861,2530634888.998121,420457973.9998637,49661,6.01875822433312,0.11357286865174121,274.0,283.0,-9.0
562,"FRACTURE, SPRAIN, STRAIN AND DISLOCATION EXCEPT FEMUR, HIP, PELVIS AND THIGH WITH MCC",6.0697544276601745,95653780.999869,15901907.9999721,1309,6.015239240475849,0.05451518718432524,289.0,284.0,5.0
554,BONE DISEASES AND ARTHROPATHIES WITHOUT MCC,5.91118908408984,139552518.999878,23212253.9999878,3500,6.012019298080718,-0.10083021399087766,315.0,285.0,30.0
834,ACUTE LEUKEMIA WITH MCC,5.751179752207324,843906252.00086,140374968.999898,2220,6.011800095225476,-0.26062034301815284,342.0,286.0,56.0
460,SPINAL FUSION EXCEPT CERVICAL WITHOUT MCC,6.363232089706443,3015398766.000288,502275133.0000694,18008,6.003480100616232,0.3597519890902108,233.0,287.0,-54.0
329,MAJOR SMALL AND LARGE BOWEL PROCEDURES WITH MCC,6.125883071263718,5395687127.999427,900682010.00035,24579,5.990668258153985,0.13521481310973282,277.0,288.0,-11.0
659,KIDNEY AND URETER PROCEDURES FOR NON-NEOPLASM WITH MCC,5.717260882126286,552529191.999642,92265550.999996,4378,5.988466833083411,-0.27120595095712474,348.0,289.0,59.0
699,OTHER KIDNEY AND URINARY TRACT DIAGNOSES WITH CC,5.967400696707944,1556557470.9987354,260426141.9998675,31564,5.976963215158052,-0.009562518450107582,302.0,290.0,12.0
907,OTHER O.R. PROCEDURES FOR INJURIES WITH MCC,5.993880179870614,689882876.000786,115565472.999978,3322,5.969627935507322,0.024252244363291986,298.0,291.0,7.0
521,HIP REPLACEMENT WITH PRINCIPAL DIAGNOSIS OF HIP FRACTURE WITH MCC,5.98868707542859,1022845823.000987,171438296.999932,7531,5.966262153207184,0.022424922221405907,299.0,292.0,7.0
441,"DISORDERS OF LIVER EXCEPT MALIGNANCY, CIRRHOSIS OR ALCOHOLIC HEPATITIS WITH MCC",5.822186436659451,750655199.999194,125832998.000037,7597,5.965487685503395,-0.1433012488439438,331.0,293.0,38.0
242,PERMANENT CARDIAC PACEMAKER IMPLANT WITH MCC,6.128136732553785,1563671884.000931,262682522.00006,9743,5.952706225352039,0.1754305072017459,275.0,294.0,-19.0
827,MYELOPROLIFERATIVE DISORDERS OR POORLY DIFFERENTIATED NEOPLASMS WITH MAJOR O.R. PROCEDUR,6.295777522037238,60873027.000053,10245311.000003,407,5.941549944168134,0.3542275778691035,245.0,295.0,-50.0
492,"LOWER EXTREMITY AND HUMERUS PROCEDURES EXCEPT HIP, FOOT AND FEMUR WITH MCC",6.0007110505010495,210254219.999613,35470105.000033,1225,5.9276458301834,0.07306522031764917,296.0,296.0,0.0
371,MAJOR GASTROINTESTINAL DISORDERS AND PERITONEAL INFECTIONS WITH MCC,5.894480583628258,443823525.999736,75004447.999838,5401,5.917296078236515,-0.022815494608257048,318.0,297.0,21.0
239,AMPUTATION FOR CIRCULATORY SYSTEM DISORDERS EXCEPT UPPER LIMB AND TOE WITH MCC,5.667992550513685,359364508.999967,60764843.000015,1489,5.914020200790748,-0.24602765027706308,359.0,298.0,61.0
459,SPINAL FUSION EXCEPT CERVICAL WITH MCC,6.291952070029132,133663707.00022,22605158.000104,388,5.912973800032942,0.3789782699961899,249.0,299.0,-50.0
908,OTHER O.R. PROCEDURES FOR INJURIES WITH CC,5.944429504757029,241113424.999789,40778543.00002,2346,5.912752326626058,0.031677178130970596,307.0,300.0,7.0
564,OTHER MUSCULOSKELETAL SYSTEM AND CONNECTIVE TISSUE DIAGNOSES WITH MCC,5.823977091858202,60291684.999845,10198075.9999882,715,5.912064687487597,-0.0880875956293945,330.0,301.0,29.0
856,POSTOPERATIVE OR POST-TRAUMATIC INFECTIONS WITH O.R. PROCEDURES WITH MCC,5.804363313203581,626742455.998694,106106704.000061,2662,5.906718730970416,-0.10235541776683554,333.0,302.0,31.0
542,PATHOLOGICAL FRACTURES AND MUSCULOSKELETAL AND CONNECTIVE TISSUE MALIGNANCY WITH MCC,5.781589485351588,315507680.000591,53494748.000081,3536,5.897918801302013,-0.11632931595042528,338.0,303.0,35.0
091,OTHER DISORDERS OF NERVOUS SYSTEM WITH MCC,5.878005252082461,874741134.000552,148426236.0003188,9790,5.893440119297193,-0.015434867214731973,322.0,304.0,18.0
689,KIDNEY AND URINARY TRACT INFECTIONS WITH MCC,5.723000696748379,4150637126.9963098,704751242.99993,79740,5.889506642554048,-0.16650594580566924,346.0,305.0,41.0
951,OTHER FACTORS INFLUENCING HEALTH STATUS,5.600257525914595,81317180.0000925,13823524.0000046,3008,5.882521707204722,-0.2822641812901274,369.0,306.0,63.0
023,CRANIOTOMY WITH MAJOR DEVICE IMPLANT OR ACUTE COMPLEX CNS PRINCIPAL DIAGNOSIS WITH MCC O,6.187693610560696,3322138274.997471,566378318.000192,11805,5.865581660554217,0.3221119500064784,260.0,307.0,-47.0
356,OTHER DIGESTIVE SYSTEM O.R. PROCEDURES WITH MCC,5.842663991112442,457855521.001018,78074373.000043,2095,5.864350918332265,-0.02168692721982346,327.0,308.0,19.0
252,OTHER VASCULAR PROCEDURES WITH MCC,5.888679065704541,2556137048.001765,435980894.99998,14681,5.862956559144369,0.025722506560172498,320.0,309.0,11.0
335,PERITONEAL ADHESIOLYSIS WITH MCC,5.987515185014812,65329970.999839,11144964.999985,341,5.8618372511647125,0.12567793385009907,300.0,310.0,-10.0
682,RENAL FAILURE WITH MCC,5.666877913530797,4926156907.002284,840429936.0006809,73354,5.861472439266244,-0.19459452573544667,360.0,311.0,49.0
603,CELLULITIS WITHOUT MCC,5.908646852888404,2049818953.9989734,350096058.9999284,54310,5.855018647894555,0.05362820499384924,316.0,312.0,4.0
393,OTHER DIGESTIVE SYSTEM DIAGNOSES WITH MCC,5.844831196645145,1411255977.001032,241368651.0000471,17381,5.8468901042196935,-0.0020589075745487406,326.0,313.0,13.0
454,COMBINED ANTERIOR AND POSTERIOR SPINAL FUSION WITH CC,5.699498809796107,3990181782.99444,682456096.000124,13779,5.84679630877488,-0.14729749897877298,353.0,314.0,39.0
919,COMPLICATIONS OF TREATMENT WITH MCC,5.633474896465544,794129316.000929,135943733.9997916,8121,5.841602938478551,-0.20812804201300672,364.0,315.0,49.0
283,"ACUTE MYOCARDIAL INFARCTION, EXPIRED WITH MCC",6.011863694044755,222505920.000167,38174955.9999302,2154,5.828583535252112,0.18328015879264292,294.0,316.0,-22.0
292,HEART FAILURE AND SHOCK WITH CC,5.998078214617078,212161329.999777,36402326.9999798,5135,5.82823537626852,0.16984283834855862,297.0,317.0,-20.0
673,OTHER KIDNEY AND URINARY TRACT PROCEDURES WITH MCC,5.707938275622975,1244105498.001395,213650944.99998,6418,5.823075100376979,-0.11513682475400433,350.0,318.0,32.0
871,SEPTICEMIA OR SEVERE SEPSIS WITHOUT MV >96 HOURS WITH MCC,5.259730476024322,52160746962.03302,8959316640.004656,577119,5.821955965829768,-0.5622254898054457,389.0,319.0,70.0
189,PULMONARY EDEMA AND RESPIRATORY FAILURE,6.07667860640059,5214341679.002782,897567228.9995128,89991,5.809416287195588,0.26726231920500254,287.0,320.0,-33.0
011,"TRACHEOSTOMY FOR FACE, MOUTH AND NECK DIAGNOSES OR LARYNGECTOMY WITH MCC",6.417892723923509,113261186.00039,19514860.000025,371,5.803843122638076,0.6140496012854326,226.0,321.0,-95.0
863,POSTOPERATIVE AND POST-TRAUMATIC INFECTIONS WITHOUT MCC,5.791293800730782,111397161.999782,19206627.0000692,2343,5.799933637456522,-0.008639836725739869,336.0,322.0,14.0
486,KNEE PROCEDURES WITH PRINCIPAL DIAGNOSIS OF INFECTION WITH CC,5.610634772509608,14945761.000064999,2588077.000004,147,5.7748517528813474,-0.16421698037173904,367.0,323.0,44.0
847,CHEMOTHERAPY WITHOUT ACUTE LEUKEMIA AS SECONDARY DIAGNOSIS WITH CC,5.68559973485257,465155430.000369,80673507.0000706,6635,5.76590069401547,-0.08030095916290048,356.0,324.0,32.0
640,"MISCELLANEOUS DISORDERS OF NUTRITION, METABOLISM, FLUIDS AND ELECTROLYTES WITH MCC",5.703628034536196,4509450506.998538,782352834.000145,73514,5.763960084277911,-0.06033204974171458,351.0,325.0,26.0
617,"AMPUTATION OF LOWER LIMB FOR ENDOCRINE, NUTRITIONAL AND METABOLIC DISORDERS WITH CC",5.835305520624045,374680387.000433,65061387.0000005,4466,5.758874876129372,0.07643064449467296,328.0,326.0,2.0
974,HIV WITH MAJOR RELATED CONDITION WITH MCC,5.314057712790671,89159042.000129,15533645.000031,404,5.73973732500975,-0.4256796122190787,386.0,327.0,59.0
853,INFECTIOUS AND PARASITIC DISEASES WITH O.R. PROCEDURES WITH MCC,5.554968788835741,18513451560.014603,3226700445.999262,79560,5.737579880701091,-0.18261109186534963,373.0,328.0,45.0
457,"SPINAL FUSION EXCEPT CERVICAL WITH SPINAL CURVATURE, MALIGNANCY, INFECTION OR EXTENSIVE",6.288007065756481,548811552.00052,95703897.000007,1710,5.734474448835452,0.5535326169210286,250.0,329.0,-79.0
917,POISONING AND TOXIC EFFECTS OF DRUGS WITH MCC,6.016009918145905,716179843.000557,125131920.9999216,9015,5.723398452430101,0.29261146571580365,293.0,330.0,-37.0
870,SEPTICEMIA OR SEVERE SEPSIS WITH MV >96 HOURS,5.792185117606845,7028693960.003852,1228811341.999417,20906,5.719912992150089,0.07227212545675599,335.0,331.0,4.0
163,MAJOR CHEST PROCEDURES WITH MCC,5.893319871000457,1982189855.998883,346696808.000007,9224,5.717358251532685,0.17596161946777134,319.0,332.0,-13.0
012,"TRACHEOSTOMY FOR FACE, MOUTH AND NECK DIAGNOSES OR LARYNGECTOMY WITH CC",6.315830138588698,146304809.000135,25596884.999998,625,5.7157270894543,0.6001030491343977,242.0,333.0,-91.0
166,OTHER RESPIRATORY SYSTEM O.R. PROCEDURES WITH MCC,5.309879571828808,608269860.999835,106484554.000079,2937,5.712282562590098,-0.40240299076129027,387.0,334.0,53.0
698,OTHER KIDNEY AND URINARY TRACT DIAGNOSES WITH MCC,5.535302814182041,5538055537.001618,970123292.9999113,74188,5.708610005514139,-0.17330719133209804,376.0,335.0,41.0
029,SPINAL PROCEDURES WITH CC OR SPINAL NEUROSTIMULATORS,6.339297826086036,104631871.000122,18364118.000027,548,5.697625717715828,0.6416721083702086,240.0,336.0,-96.0
219,CARDIAC VALVE AND OTHER MAJOR CARDIOTHORACIC PROCEDURES WITHOUT CARDIAC CATHETERIZATION,6.070290702606172,4850589066.996334,855747674.999859,12333,5.66824685442135,0.40204384818482275,288.0,337.0,-49.0
326,"STOMACH, ESOPHAGEAL AND DUODENAL PROCEDURES WITH MCC",5.692446052057845,1015207528.000797,179573562.000058,3853,5.653435375974049,0.03901067608379538,354.0,338.0,16.0
458,"SPINAL FUSION EXCEPT CERVICAL WITH SPINAL CURVATURE, MALIGNANCY, INFECTION OR EXTENSIVE",6.1802098036638045,22217459.999921,3930134.000003,119,5.653104957720028,0.5271048459437768,263.0,339.0,-76.0
314,OTHER CIRCULATORY SYSTEM DIAGNOSES WITH MCC,5.597879055193159,2539316844.999333,449596380.9997269,25543,5.64799218212763,-0.050113126934470564,370.0,340.0,30.0
004,"TRACHEOSTOMY WITH MV >96 HOURS OR PRINCIPAL DIAGNOSIS EXCEPT FACE, MOUTH AND NECK WITHOU",5.673922437921249,2442224609.00348,433206438.999895,3589,5.637553806082906,0.036368631838342935,358.0,341.0,17.0
291,HEART FAILURE AND SHOCK WITH MCC,5.37102286193005,17213650294.01688,3053746234.9965453,304694,5.636896116889147,-0.2658732549590974,384.0,342.0,42.0
981,EXTENSIVE O.R. PROCEDURES UNRELATED TO PRINCIPAL DIAGNOSIS WITH MCC,5.6274756374387005,3390398375.999995,602508766.999876,14959,5.627135340921425,0.00034029651727518484,365.0,343.0,22.0
862,POSTOPERATIVE AND POST-TRAUMATIC INFECTIONS WITH MCC,5.7108321868900225,456802454.999877,81251681.0000227,5074,5.622067745278395,0.08876444161162755,349.0,344.0,5.0
177,RESPIRATORY INFECTIONS AND INFLAMMATIONS WITH MCC,5.385450935420831,10045103019.99828,1790617727.999898,141351,5.609853439359477,-0.22440250393864591,383.0,345.0,38.0
228,OTHER CARDIOTHORACIC PROCEDURES WITH MCC,5.557952589456559,605941243.999718,108074079.999972,2279,5.606721278588491,-0.048768689131931886,372.0,346.0,26.0
269,AORTIC AND HEART ASSIST PROCEDURES EXCEPT PULSATION BALLOON WITHOUT MCC,5.933537240611402,1268204360.000711,226392613.99983,6645,5.601792115009826,0.331745125601576,312.0,347.0,-35.0
405,"PANCREAS, LIVER AND SHUNT PROCEDURES WITH MCC",5.795043795760584,548371339.999437,98107714.000069,1759,5.5894823927815835,0.20556140297900072,334.0,348.0,-14.0
276,CARDIAC DEFIBRILLATOR IMPLANT WITH MCC OR CAROTID SINUS NEUROSTIMULATOR,5.784845923015487,202584007.999685,36282547.999933,628,5.583511058817013,0.2013348641984738,337.0,349.0,-12.0
173,ULTRASOUND ACCELERATED AND OTHER THROMBOLYSIS WITH PRINCIPAL DIAGNOSIS PULMONARY EMBOLIS,5.908049568593108,14226847.999888001,2549492.0,122,5.5802677552579105,0.3277818133351973,317.0,350.0,-33.0
451,SINGLE LEVEL SPINAL FUSION EXCEPT CERVICAL WITHOUT MCC,5.827800103616335,92230125.000345,16558996.000039,650,5.569789678077571,0.25801042553876385,329.0,351.0,-22.0
215,OTHER HEART ASSIST SYSTEM IMPLANT,5.606424723037833,322488179.00019,57902707.000034995,656,5.569483633986147,0.036941089051685694,368.0,352.0,16.0
602,CELLULITIS WITH MCC,5.464769150856931,693886667.999986,124634168.0000156,10980,5.567387171067722,-0.10261802021079092,381.0,353.0,28.0
070,OTHER CEREBROVASCULAR DISORDERS WITH MCC,5.665315155211861,864056804.000579,155383611.0001181,10982,5.560797554125076,0.1045176010867852,362.0,354.0,8.0
813,COAGULATION DISORDERS,5.775050047172448,827590391.000055,149101755.0000448,10079,5.550507376655669,0.22454267051677945,339.0,355.0,-16.0
216,CARDIAC VALVE AND OTHER MAJOR CARDIOTHORACIC PROCEDURES WITH CARDIAC CATHETERIZATION WIT,6.089445544130352,1291293345.99729,232735986.000746,2577,5.548318367891551,0.5411271762388008,285.0,356.0,-71.0
003,"ECMO OR TRACHEOSTOMY WITH MV >96 HOURS OR PRINCIPAL DIAGNOSIS EXCEPT FACE, MOUTH AND NEC",5.651302675597371,7831502055.02153,1414452428.000978,6749,5.53677302960953,0.1145296459878411,363.0,357.0,6.0
574,SKIN GRAFT FOR SKIN ULCER OR CELLULITIS WITH CC,6.577608268612309,19159112.000023,3474249.9999869997,132,5.5146037274504405,1.0630045411618685,191.0,358.0,-167.0
240,AMPUTATION FOR CIRCULATORY SYSTEM DISORDERS EXCEPT UPPER LIMB AND TOE WITH CC,5.665872018992435,107517389.000148,19517208.00006,848,5.508850907354037,0.15702111163839838,361.0,359.0,2.0
212,CONCOMITANT AORTIC AND MITRAL VALVE PROCEDURES,5.7029994236678325,135365803.99979,24589030.999953,245,5.505129665339344,0.19786975832848874,352.0,360.0,-8.0
033,VENTRICULAR SHUNT PROCEDURES WITHOUT CC/MCC,6.1353494554201715,63444163.000299,11526426.9999622,755,5.5042350071281465,0.631114448292025,273.0,361.0,-88.0
037,EXTRACRANIAL PROCEDURES WITH MCC,5.19368641099481,20219240.999881,3680396.000015,119,5.493767790150461,-0.3000813791556505,392.0,362.0,30.0
545,CONNECTIVE TISSUE DISORDERS WITH MCC,5.518401737711006,133621227.999836,24380857.999972,863,5.480579395523712,0.037822342187293856,378.0,363.0,15.0
935,NON-EXTENSIVE BURNS,6.31112357897718,52949791.000091,9692491.00003,420,5.462970355084892,0.8481532238922886,243.0,364.0,-121.0
614,ADRENAL AND PITUITARY PROCEDURES WITH CC/MCC,5.465985080104682,113312448.00043699,20742569.999969,916,5.462796943705931,0.003188136398750707,380.0,365.0,15.0
192,CHRONIC OBSTRUCTIVE PULMONARY DISEASE WITHOUT CC/MCC,5.915729302368518,8039429.0000151,1471808.9999999,322,5.462277374316671,0.4534519280518463,314.0,366.0,-52.0
207,RESPIRATORY SYSTEM DIAGNOSIS WITH VENTILATOR SUPPORT >96 HOURS,5.446442743440826,1371060804.000206,252071848.000017,4401,5.439166709326912,0.007276034113913532,382.0,367.0,15.0
267,ENDOVASCULAR CARDIAC VALVE REPLACEMENT AND SUPPLEMENT PROCEDURES WITHOUT MCC,5.961467044468123,8737723143.000154,1606686527.999896,39606,5.438349666053041,0.5231173784150824,303.0,368.0,-65.0
471,CERVICAL SPINAL FUSION WITH MCC,5.737489910737844,111992668.999892,20594176.000043,439,5.438074774133141,0.2994151366047033,344.0,369.0,-25.0
001,HEART TRANSPLANT OR IMPLANT OF HEART ASSIST SYSTEM WITH MCC,5.569410782411675,2910544236.0075397,535722541.0016,1814,5.432932186437245,0.13647859597443013,371.0,370.0,1.0
957,OTHER O.R. PROCEDURES FOR MULTIPLE SIGNIFICANT TRAUMA WITH MCC,5.722380186934579,274593473.00027,50839424.9998,716,5.401191555595884,0.32118863133869535,347.0,371.0,-24.0
266,ENDOVASCULAR CARDIAC VALVE REPLACEMENT AND SUPPLEMENT PROCEDURES WITH MCC,5.733934238599576,6744439155.006977,1252267566.00048,23630,5.385781232478549,0.3481530061210272,345.0,372.0,-27.0
462,BILATERAL OR MULTIPLE MAJOR JOINT PROCEDURES OF LOWER EXTREMITY WITHOUT MCC,5.157870313928097,72627499.999754,13551104.000025,590,5.359526426748699,-0.20165611282060247,394.0,373.0,21.0
814,RETICULOENDOTHELIAL AND IMMUNITY DISORDERS WITH MCC,5.759728653737535,62406734.000046,11649995.000031,355,5.356803500763729,0.4029251529738058,340.0,374.0,-34.0
604,"TRAUMA TO THE SKIN, SUBCUTANEOUS TISSUE AND BREAST WITH MCC",5.940959196097857,25948570.000026,4849120.9999812,342,5.351190452893751,0.5897687432041065,308.0,375.0,-67.0
032,VENTRICULAR SHUNT PROCEDURES WITH CC,5.518241088985069,52344046.000163004,9834893.999977,487,5.3222786133013145,0.19596247568375436,379.0,376.0,3.0
896,"ALCOHOL, DRUG ABUSE OR DEPENDENCE WITHOUT REHABILITATION THERAPY WITH MCC",5.52675557665968,237896586.999844,45071504.0000123,2956,5.278203873555652,0.2485517031040274,377.0,377.0,0.0
448,MULTIPLE LEVEL SPINAL FUSION EXCEPT CERVICAL WITHOUT MCC,5.84704176359472,154986696.999848,29418901.000035,839,5.268269436702059,0.5787723268926612,325.0,378.0,-53.0
268,AORTIC AND HEART ASSIST PROCEDURES EXCEPT PULSATION BALLOON WITH MCC,5.6764207401691085,206424681.99996,39202989.000062,529,5.265534268308816,0.4108864718602927,357.0,379.0,-22.0
456,"SPINAL FUSION EXCEPT CERVICAL WITH SPINAL CURVATURE, MALIGNANCY, INFECTION OR EXTENSIVE",5.22509789781612,174159989.00046,33133458.999905,318,5.2563177602724585,-0.031219862456338454,390.0,380.0,10.0
655,MAJOR BLADDER PROCEDURES WITHOUT CC/MCC,5.934335547955192,13741166.999935001,2625902.999992,111,5.232930157731213,0.7014053902239796,310.0,381.0,-71.0
846,CHEMOTHERAPY WITHOUT ACUTE LEUKEMIA AS SECONDARY DIAGNOSIS WITH MCC,5.044064682826875,302619952.000916,57836328.000002004,2074,5.232350712183967,-0.1882860293570925,396.0,382.0,14.0
653,MAJOR BLADDER PROCEDURES WITH MCC,5.3065452904451,49701492.000256,9518380.00001,191,5.221633513287323,0.0849117771577772,388.0,383.0,5.0
918,POISONING AND TOXIC EFFECTS OF DRUGS WITHOUT MCC,5.620746950195,38966552.9999418,7481228.0000284,935,5.208577121268578,0.4121698289264213,366.0,384.0,-18.0
056,DEGENERATIVE NERVOUS SYSTEM DISORDERS WITH MCC,5.162294242341028,906895753.000133,175369297.0003043,8619,5.171348511470393,-0.009054269129364911,393.0,385.0,8.0
488,KNEE PROCEDURES WITHOUT PRINCIPAL DIAGNOSIS OF INFECTION WITH CC/MCC,4.947632236354,13227986.000041999,2567809.000018,154,5.151468041411675,-0.2038358050576754,400.0,386.0,14.0
963,OTHER MULTIPLE SIGNIFICANT TRAUMA WITH MCC,5.538973917856428,118176935.999535,23300029.999875,792,5.071964971726173,0.4670089461302549,375.0,387.0,-12.0
016,AUTOLOGOUS BONE MARROW TRANSPLANT WITH CC/MCC,4.966296800272351,324966680.999371,64471675.999983,1153,5.0404565409383295,-0.07415974066597819,399.0,388.0,11.0
018,CHIMERIC ANTIGEN RECEPTOR (CAR) T-CELL AND OTHER IMMUNOTHERAPIES,5.203630690062299,2975382263.99919,591288238.9999,1360,5.032033562906184,0.1715971271561152,391.0,389.0,2.0
057,DEGENERATIVE NERVOUS SYSTEM DISORDERS WITHOUT MCC,5.554931356386461,1233441793.999009,245224154.0002059,21094,5.029854416371942,0.525076940014519,374.0,390.0,-16.0
815,RETICULOENDOTHELIAL AND IMMUNITY DISORDERS WITH CC,7.662653674291822,13265189.999940999,2655278.9999979,146,4.99578010444533,2.6668735698464925,61.0,391.0,-330.0
466,REVISION OF HIP OR KNEE REPLACEMENT WITH MCC,5.947773530396219,334671234.000945,67555924.999431,992,4.953987884908153,0.9937856454880665,306.0,392.0,-86.0
217,CARDIAC VALVE AND OTHER MAJOR CARDIOTHORACIC PROCEDURES WITH CARDIAC CATHETERIZATION WIT,5.883383449609648,91627614.99960001,18517060.000024002,344,4.948280936578552,0.9351025130310964,321.0,393.0,-72.0
928,FULL THICKNESS BURN WITH SKIN GRAFT OR INHALATION INJURY WITH CC/MCC,5.039594132729304,193277545.99952,39244302.999989,546,4.924983531993782,0.11461060073552254,397.0,394.0,3.0
884,ORGANIC DISTURBANCES AND INTELLECTUAL DISABILITY,4.725580627036135,1097877997.000756,226221247.9999032,16642,4.853116171480169,-0.1275355444440338,404.0,395.0,9.0
319,OTHER ENDOVASCULAR CARDIAC VALVE PROCEDURES WITH MCC,4.758527773857052,54060572.000124,11139684.999986,250,4.852971336280329,-0.0944435624232769,403.0,396.0,7.0
897,"ALCOHOL, DRUG ABUSE OR DEPENDENCE WITHOUT REHABILITATION THERAPY WITHOUT MCC",5.742101185859275,411360950.0003026,85597906.0000731,11716,4.805736135647422,0.9363650502118537,343.0,397.0,-54.0
014,ALLOGENEIC BONE MARROW TRANSPLANT,4.886331669407233,499331095.00312,104096445.999786,831,4.796812131358899,0.08951953804833401,402.0,398.0,4.0
837,CHEMOTHERAPY WITH ACUTE LEUKEMIA AS SECONDARY DIAGNOSIS OR WITH HIGH DOSE CHEMOTHERAPY A,5.003055903264113,254970183.99949598,53515981.000032,1063,4.7643746640717195,0.2386812391923936,398.0,399.0,-1.0
020,INTRACRANIAL VASCULAR PROCEDURES WITH PRINCIPAL DIAGNOSIS HEMORRHAGE WITH MCC,4.709204028605165,322905797.00004,70719648.000105,833,4.565998362994688,0.14320566561047698,405.0,400.0,5.0
028,SPINAL PROCEDURES WITH MCC,4.6353064417239835,51499995.99973,11763337.000062,192,4.378009063198526,0.25729737852545753,406.0,401.0,5.0
883,DISORDERS OF PERSONALITY AND IMPULSE CONTROL,4.19106031915305,8475929.0000005,1945933.999999,126,4.355712475348524,-0.1646521561954737,410.0,402.0,8.0
867,OTHER INFECTIOUS AND PARASITIC DISEASES DIAGNOSES WITH MCC,5.3369262814100775,19521132.000035,4493500.999926,262,4.344303473028376,0.9926228083817019,385.0,403.0,-18.0
958,OTHER O.R. PROCEDURES FOR MULTIPLE SIGNIFICANT TRAUMA WITH CC,4.923215348391832,26381165.999895,6091149.000022,155,4.331065616651262,0.5921497317405695,401.0,404.0,-3.0
838,CHEMOTHERAPY WITH ACUTE LEUKEMIA AS SECONDARY DIAGNOSIS WITH CC OR HIGH DOSE CHEMOTHERAP,4.424721798935286,43549646.000257,11350913.000001,518,3.8366645925533183,0.5880572063819676,407.0,405.0,2.0
882,NEUROSES EXCEPT DEPRESSIVE,4.331383185642352,4376714.999997,1146126.000003,168,3.81870317921899,0.5126800064233619,408.0,406.0,2.0
885,PSYCHOSES,4.31499773650384,1622719809.9998088,451443790.9997363,38035,3.5945113042893895,0.7204864322144506,409.0,407.0,2.0
881,DEPRESSIVE NEUROSES,3.830440366116958,13440726.9999912,3931345.0000066003,472,3.4188622468820813,0.41157811923487664,411.0,408.0,3.0
559,"AFTERCARE, MUSCULOSKELETAL SYSTEM AND CONNECTIVE TISSUE WITH MCC",5.070533242947071,22112906.999926,7087517.999973,264,3.119978954552248,1.9505542883948226,395.0,409.0,-14.0
895,"ALCOHOL, DRUG ABUSE OR DEPENDENCE WITH REHABILITATION THERAPY",3.7039242335122404,112999201.000433,40929421.9998279,3333,2.760830607402864,0.9430936261093765,413.0,410.0,3.0
894,"ALCOHOL, DRUG ABUSE OR DEPENDENCE, LEFT AMA",3.649035108390349,10835834.0000049,4035516.9999974,730,2.6851166777421285,0.9639184306482207,414.0,411.0,3.0
945,REHABILITATION WITH CC/MCC,6.777409780231297,66431429.99965,25972310.0002306,1400,2.55777903463574,4.219630745595557,155.0,412.0,-257.0
946,REHABILITATION WITHOUT CC/MCC,1.913231011174869,6478388.9999605995,3052334.000002,304,2.12243778038588,-0.2092067692110111,416.0,413.0,3.0
560,"AFTERCARE, MUSCULOSKELETAL SYSTEM AND CONNECTIVE TISSUE WITH CC",5.815751493656293,48719099.00023,23192310.9998812,1076,2.100657368749477,3.715094124906816,332.0,414.0,-82.0
949,AFTERCARE WITH CC/MCC,1.9197861898303574,10789363.0000019,7866221.9999847,237,1.3716067255695155,0.548179464260842,415.0,415.0,0.0
561,"AFTERCARE, MUSCULOSKELETAL SYSTEM AND CONNECTIVE TISSUE WITHOUT CC/MCC",3.7042987627841026,11533435.99999,8450205.9999717,380,1.364870394878968,2.3394283679051346,412.0,416.0,-4.0
